iter	RMSE
0	4.580370776
500	2.025502223
1000	1.830544919
1500	1.705193626
2000	1.615515123
2500	1.544431273
3000	1.483430328
3500	1.431358926
4000	1.384692263
4500	1.342738063
5000	1.302595441
5500	1.267129801
6000	1.233693684
6500	1.203408598
7000	1.175371571
7500	1.147392023
8000	1.122042033
8500	1.0983344
9000	1.075774178
9500	1.053319801
10000	1.032684564
10500	1.012651409
11000	0.9926839549
11500	0.9744575025
12000	0.9571547574
12500	0.9399934659
